{
  "best": {
    "_epoch_": {},
    "train": {
      "loss": 11.639413833618164,
      "loss/mean": 11.639413833618164,
      "loss/std": 0.4968822194077681,
      "lr": 0.001,
      "momentum": 0.9
    },
    "valid": {
      "loss": 11.807327270507812,
      "loss/mean": 11.807327270507812,
      "loss/std": 2.5264196198654076,
      "lr": 0.001,
      "momentum": 0.9
    },
    "_score_": "train.1"
  },
  "last": {
    "_epoch_": {},
    "train": {
      "loss": 11.639413833618164,
      "loss/mean": 11.639413833618164,
      "loss/std": 0.5334685985379229,
      "lr": 0.001,
      "momentum": 0.9
    },
    "valid": {
      "loss": 11.807327270507812,
      "loss/mean": 11.807327270507812,
      "loss/std": 2.5264196503680556,
      "lr": 0.001,
      "momentum": 0.9
    },
    "_score_": 11.807327270507812
  },
  "train.1": {
    "_epoch_": {},
    "train": {
      "loss": 11.639413833618164,
      "loss/mean": 11.639413833618164,
      "loss/std": 0.4968822194077681,
      "lr": 0.001,
      "momentum": 0.9
    },
    "valid": {
      "loss": 11.807327270507812,
      "loss/mean": 11.807327270507812,
      "loss/std": 2.5264196198654076,
      "lr": 0.001,
      "momentum": 0.9
    },
    "_score_": 11.807327270507812
  }
}