{
  "best": {
    "_epoch_": {},
    "train": {
      "loss": 0.022251054644584656,
      "loss/mean": 0.022251054644584656,
      "loss/std": 0.00228194136322331,
      "lr": 0.001,
      "momentum": 0.9
    },
    "valid": {
      "loss": 0.022394319996237755,
      "loss/mean": 0.022394319996237755,
      "loss/std": 0.0034666277307388352,
      "lr": 0.001,
      "momentum": 0.9
    },
    "_score_": "train.1"
  },
  "last": {
    "_epoch_": {},
    "train": {
      "loss": 0.022248372435569763,
      "loss/mean": 0.022248372435569763,
      "loss/std": 0.0023575737771389434,
      "lr": 0.001,
      "momentum": 0.9
    },
    "valid": {
      "loss": 0.022664695978164673,
      "loss/mean": 0.022664695978164673,
      "loss/std": 0.0036601174972895932,
      "lr": 0.001,
      "momentum": 0.9
    },
    "_score_": 0.022664695978164673
  },
  "train.1": {
    "_epoch_": {},
    "train": {
      "loss": 0.022251054644584656,
      "loss/mean": 0.022251054644584656,
      "loss/std": 0.00228194136322331,
      "lr": 0.001,
      "momentum": 0.9
    },
    "valid": {
      "loss": 0.022394319996237755,
      "loss/mean": 0.022394319996237755,
      "loss/std": 0.0034666277307388352,
      "lr": 0.001,
      "momentum": 0.9
    },
    "_score_": 0.022394319996237755
  }
}