{
  "best": {
    "_epoch_": {},
    "train": {
      "loss": 0.005035306792706251,
      "loss/mean": 0.005035306792706251,
      "loss/std": 0.0025784691964275148,
      "lr": 0.0005,
      "momentum": 0.9
    },
    "valid": {
      "loss": 0.05311119183897972,
      "loss/mean": 0.05311119183897972,
      "loss/std": 0.003635851307330126,
      "lr": 0.0005,
      "momentum": 0.9
    },
    "_score_": "train.1"
  },
  "last": {
    "_epoch_": {},
    "train": {
      "loss": 0.005035306792706251,
      "loss/mean": 0.005035306792706251,
      "loss/std": 0.0025784691964275148,
      "lr": 0.0005,
      "momentum": 0.9
    },
    "valid": {
      "loss": 0.05311119183897972,
      "loss/mean": 0.05311119183897972,
      "loss/std": 0.003635851307330126,
      "lr": 0.0005,
      "momentum": 0.9
    },
    "_score_": 0.05311119183897972
  },
  "train.1": {
    "_epoch_": {},
    "train": {
      "loss": 0.005035306792706251,
      "loss/mean": 0.005035306792706251,
      "loss/std": 0.0025784691964275148,
      "lr": 0.0005,
      "momentum": 0.9
    },
    "valid": {
      "loss": 0.05311119183897972,
      "loss/mean": 0.05311119183897972,
      "loss/std": 0.003635851307330126,
      "lr": 0.0005,
      "momentum": 0.9
    },
    "_score_": 0.05311119183897972
  }
}