{
  "best": {
    "_epoch_": {},
    "train": {
      "loss": 0.00901300273835659,
      "loss/mean": 0.00901300273835659,
      "loss/std": 0.0034028985227590298,
      "lr": 0.0005,
      "momentum": 0.9
    },
    "valid": {
      "loss": 0.14930832386016846,
      "loss/mean": 0.14930832386016846,
      "loss/std": 0.00903698011984762,
      "lr": 0.0005,
      "momentum": 0.9
    },
    "_score_": "train.1"
  },
  "last": {
    "_epoch_": {},
    "train": {
      "loss": 0.00901300273835659,
      "loss/mean": 0.00901300273835659,
      "loss/std": 0.0034028985227590298,
      "lr": 0.0005,
      "momentum": 0.9
    },
    "valid": {
      "loss": 0.14930832386016846,
      "loss/mean": 0.14930832386016846,
      "loss/std": 0.00903698011984762,
      "lr": 0.0005,
      "momentum": 0.9
    },
    "_score_": 0.14930832386016846
  },
  "train.1": {
    "_epoch_": {},
    "train": {
      "loss": 0.00901300273835659,
      "loss/mean": 0.00901300273835659,
      "loss/std": 0.0034028985227590298,
      "lr": 0.0005,
      "momentum": 0.9
    },
    "valid": {
      "loss": 0.14930832386016846,
      "loss/mean": 0.14930832386016846,
      "loss/std": 0.00903698011984762,
      "lr": 0.0005,
      "momentum": 0.9
    },
    "_score_": 0.14930832386016846
  }
}