{
  "best": {
    "_epoch_": {},
    "train": {
      "loss": 0.0010824736673384905,
      "loss/mean": 0.0010824736673384905,
      "loss/std": 0.00019878242633019266,
      "lr": 0.001,
      "momentum": 0.9
    },
    "valid": {
      "loss": 0.0009857519762590528,
      "loss/mean": 0.0009857519762590528,
      "loss/std": 0.00040197801915716267,
      "lr": 0.001,
      "momentum": 0.9
    },
    "_score_": "train.15"
  },
  "last": {
    "_epoch_": {},
    "train": {
      "loss": 0.00089156290050596,
      "loss/mean": 0.00089156290050596,
      "loss/std": 0.00017010634744265475,
      "lr": 0.001,
      "momentum": 0.9
    },
    "valid": {
      "loss": 0.0010317540727555752,
      "loss/mean": 0.0010317540727555752,
      "loss/std": 0.0002772787175452421,
      "lr": 0.001,
      "momentum": 0.9
    },
    "_score_": 0.0010317540727555752
  },
  "train.15": {
    "_epoch_": {},
    "train": {
      "loss": 0.0010824736673384905,
      "loss/mean": 0.0010824736673384905,
      "loss/std": 0.00019878242633019266,
      "lr": 0.001,
      "momentum": 0.9
    },
    "valid": {
      "loss": 0.0009857519762590528,
      "loss/mean": 0.0009857519762590528,
      "loss/std": 0.00040197801915716267,
      "lr": 0.001,
      "momentum": 0.9
    },
    "_score_": 0.0009857519762590528
  }
}