{
  "best": {
    "_epoch_": {},
    "train": {
      "loss": 0.021823517978191376,
      "loss/mean": 0.021823517978191376,
      "loss/std": 0.0023267339786873864,
      "lr": 0.001,
      "momentum": 0.9
    },
    "valid": {
      "loss": 0.020833708345890045,
      "loss/mean": 0.020833708345890045,
      "loss/std": 0.0040186187020002035,
      "lr": 0.001,
      "momentum": 0.9
    },
    "_score_": "train.20"
  },
  "last": {
    "_epoch_": {},
    "train": {
      "loss": 0.021823517978191376,
      "loss/mean": 0.021823517978191376,
      "loss/std": 0.0023267339786873864,
      "lr": 0.001,
      "momentum": 0.9
    },
    "valid": {
      "loss": 0.020833708345890045,
      "loss/mean": 0.020833708345890045,
      "loss/std": 0.0040186187020002035,
      "lr": 0.001,
      "momentum": 0.9
    },
    "_score_": 0.020833708345890045
  },
  "train.20": {
    "_epoch_": {},
    "train": {
      "loss": 0.021823517978191376,
      "loss/mean": 0.021823517978191376,
      "loss/std": 0.0023267339786873864,
      "lr": 0.001,
      "momentum": 0.9
    },
    "valid": {
      "loss": 0.020833708345890045,
      "loss/mean": 0.020833708345890045,
      "loss/std": 0.0040186187020002035,
      "lr": 0.001,
      "momentum": 0.9
    },
    "_score_": 0.020833708345890045
  }
}