{
  "best": {
    "_epoch_": {},
    "train": {
      "loss": 0.005587402731180191,
      "loss/mean": 0.005587402731180191,
      "loss/std": 0.002747120608634913,
      "lr": 0.0005,
      "momentum": 0.9
    },
    "valid": {
      "loss": 0.11859741806983948,
      "loss/mean": 0.11859741806983948,
      "loss/std": 0.002545246383297026,
      "lr": 0.0005,
      "momentum": 0.9
    },
    "_score_": "train.1"
  },
  "last": {
    "_epoch_": {},
    "train": {
      "loss": 0.005587402731180191,
      "loss/mean": 0.005587402731180191,
      "loss/std": 0.002747120608634913,
      "lr": 0.0005,
      "momentum": 0.9
    },
    "valid": {
      "loss": 0.11859741806983948,
      "loss/mean": 0.11859741806983948,
      "loss/std": 0.002545246383297026,
      "lr": 0.0005,
      "momentum": 0.9
    },
    "_score_": 0.11859741806983948
  },
  "train.1": {
    "_epoch_": {},
    "train": {
      "loss": 0.005587402731180191,
      "loss/mean": 0.005587402731180191,
      "loss/std": 0.002747120608634913,
      "lr": 0.0005,
      "momentum": 0.9
    },
    "valid": {
      "loss": 0.11859741806983948,
      "loss/mean": 0.11859741806983948,
      "loss/std": 0.002545246383297026,
      "lr": 0.0005,
      "momentum": 0.9
    },
    "_score_": 0.11859741806983948
  }
}