{
  "best": {
    "_epoch_": {},
    "train": {
      "loss": 1.4559997907781508e-05,
      "loss/mean": 1.4559997907781508e-05,
      "loss/std": 8.658138973130312e-06,
      "lr": 0.001,
      "momentum": 0.9
    },
    "valid": {
      "loss": 8.906500625016633e-06,
      "loss/mean": 8.906500625016633e-06,
      "loss/std": 1.4391651281828012e-05,
      "lr": 0.001,
      "momentum": 0.9
    },
    "_score_": "train.2"
  },
  "last": {
    "_epoch_": {},
    "train": {
      "loss": 1.4559997907781508e-05,
      "loss/mean": 1.4559997907781508e-05,
      "loss/std": 8.658138973130312e-06,
      "lr": 0.001,
      "momentum": 0.9
    },
    "valid": {
      "loss": 8.906500625016633e-06,
      "loss/mean": 8.906500625016633e-06,
      "loss/std": 1.4391651281828012e-05,
      "lr": 0.001,
      "momentum": 0.9
    },
    "_score_": 8.906500625016633e-06
  },
  "train.2": {
    "_epoch_": {},
    "train": {
      "loss": 1.4559997907781508e-05,
      "loss/mean": 1.4559997907781508e-05,
      "loss/std": 8.658138973130312e-06,
      "lr": 0.001,
      "momentum": 0.9
    },
    "valid": {
      "loss": 8.906500625016633e-06,
      "loss/mean": 8.906500625016633e-06,
      "loss/std": 1.4391651281828012e-05,
      "lr": 0.001,
      "momentum": 0.9
    },
    "_score_": 8.906500625016633e-06
  }
}