{
  "best": {
    "_epoch_": {},
    "train": {
      "loss": 0.001931055448949337,
      "loss/mean": 0.001931055448949337,
      "loss/std": 0.00023808236270661296,
      "lr": 0.001,
      "momentum": 0.9
    },
    "valid": {
      "loss": 0.0017824287060648203,
      "loss/mean": 0.0017824287060648203,
      "loss/std": 0.0009460377791736254,
      "lr": 0.001,
      "momentum": 0.9
    },
    "_score_": "train.2"
  },
  "last": {
    "_epoch_": {},
    "train": {
      "loss": 0.001931055448949337,
      "loss/mean": 0.001931055448949337,
      "loss/std": 0.00023808236270661296,
      "lr": 0.001,
      "momentum": 0.9
    },
    "valid": {
      "loss": 0.0017824287060648203,
      "loss/mean": 0.0017824287060648203,
      "loss/std": 0.0009460377791736254,
      "lr": 0.001,
      "momentum": 0.9
    },
    "_score_": 0.0017824287060648203
  },
  "train.2": {
    "_epoch_": {},
    "train": {
      "loss": 0.001931055448949337,
      "loss/mean": 0.001931055448949337,
      "loss/std": 0.00023808236270661296,
      "lr": 0.001,
      "momentum": 0.9
    },
    "valid": {
      "loss": 0.0017824287060648203,
      "loss/mean": 0.0017824287060648203,
      "loss/std": 0.0009460377791736254,
      "lr": 0.001,
      "momentum": 0.9
    },
    "_score_": 0.0017824287060648203
  }
}