{
  "best": {
    "_epoch_": {},
    "train": {
      "loss": 0.00048449283349327743,
      "loss/mean": 0.00048449283349327743,
      "loss/std": 0.00045127068517686634,
      "lr": 0.0001,
      "momentum": 0.9
    },
    "valid": {
      "loss": 0.00023283451446332037,
      "loss/mean": 0.00023283451446332037,
      "loss/std": 0.00027536637521388614,
      "lr": 0.0001,
      "momentum": 0.9
    },
    "_score_": "train.19"
  },
  "last": {
    "_epoch_": {},
    "train": {
      "loss": 0.0004392870469018817,
      "loss/mean": 0.0004392870469018817,
      "loss/std": 0.00044207263844184394,
      "lr": 0.0001,
      "momentum": 0.9
    },
    "valid": {
      "loss": 0.0002810775185935199,
      "loss/mean": 0.0002810775185935199,
      "loss/std": 0.0002705358821473754,
      "lr": 0.0001,
      "momentum": 0.9
    },
    "_score_": 0.0002810775185935199
  },
  "train.19": {
    "_epoch_": {},
    "train": {
      "loss": 0.00048449283349327743,
      "loss/mean": 0.00048449283349327743,
      "loss/std": 0.00045127068517686634,
      "lr": 0.0001,
      "momentum": 0.9
    },
    "valid": {
      "loss": 0.00023283451446332037,
      "loss/mean": 0.00023283451446332037,
      "loss/std": 0.00027536637521388614,
      "lr": 0.0001,
      "momentum": 0.9
    },
    "_score_": 0.00023283451446332037
  }
}