{
  "best": {
    "_epoch_": {},
    "train": {
      "loss": 0.01436328049749136,
      "loss/mean": 0.01436328049749136,
      "loss/std": 0.0017587413842977424,
      "lr": 0.0005,
      "momentum": 0.9
    },
    "valid": {
      "loss": 0.042781148105859756,
      "loss/mean": 0.042781148105859756,
      "loss/std": 0.001578808790861178,
      "lr": 0.0005,
      "momentum": 0.9
    },
    "_score_": "train.1"
  },
  "last": {
    "_epoch_": {},
    "train": {
      "loss": 0.01436328049749136,
      "loss/mean": 0.01436328049749136,
      "loss/std": 0.0017587413842977424,
      "lr": 0.0005,
      "momentum": 0.9
    },
    "valid": {
      "loss": 0.042781148105859756,
      "loss/mean": 0.042781148105859756,
      "loss/std": 0.001578808790861178,
      "lr": 0.0005,
      "momentum": 0.9
    },
    "_score_": 0.042781148105859756
  },
  "train.1": {
    "_epoch_": {},
    "train": {
      "loss": 0.01436328049749136,
      "loss/mean": 0.01436328049749136,
      "loss/std": 0.0017587413842977424,
      "lr": 0.0005,
      "momentum": 0.9
    },
    "valid": {
      "loss": 0.042781148105859756,
      "loss/mean": 0.042781148105859756,
      "loss/std": 0.001578808790861178,
      "lr": 0.0005,
      "momentum": 0.9
    },
    "_score_": 0.042781148105859756
  }
}