{
  "best": {
    "_epoch_": {},
    "train": {
      "loss": 0.010360566899180412,
      "loss/mean": 0.010360566899180412,
      "loss/std": 0.011089963557128641,
      "lr": 0.001,
      "momentum": 0.9
    },
    "valid": {
      "loss": 0.010418953374028206,
      "loss/mean": 0.010418953374028206,
      "loss/std": 0.00899751756922884,
      "lr": 0.001,
      "momentum": 0.9
    },
    "_score_": "train.1"
  },
  "last": {
    "_epoch_": {},
    "train": {
      "loss": 0.010466705076396465,
      "loss/mean": 0.010466705076396465,
      "loss/std": 0.012050067388334456,
      "lr": 0.001,
      "momentum": 0.9
    },
    "valid": {
      "loss": 0.011524067260324955,
      "loss/mean": 0.011524067260324955,
      "loss/std": 0.012027177524302024,
      "lr": 0.001,
      "momentum": 0.9
    },
    "_score_": 0.011524067260324955
  },
  "train.1": {
    "_epoch_": {},
    "train": {
      "loss": 0.010360566899180412,
      "loss/mean": 0.010360566899180412,
      "loss/std": 0.011089963557128641,
      "lr": 0.001,
      "momentum": 0.9
    },
    "valid": {
      "loss": 0.010418953374028206,
      "loss/mean": 0.010418953374028206,
      "loss/std": 0.00899751756922884,
      "lr": 0.001,
      "momentum": 0.9
    },
    "_score_": 0.010418953374028206
  }
}