{
  "best": {
    "_epoch_": {},
    "train": {
      "loss": 2.7548132493393496e-05,
      "loss/mean": 2.7548132493393496e-05,
      "loss/std": 1.81125491080335e-05,
      "lr": 0.001,
      "momentum": 0.9
    },
    "valid": {
      "loss": 1.0734866009443067e-05,
      "loss/mean": 1.0734866009443067e-05,
      "loss/std": 3.03906970147667e-05,
      "lr": 0.001,
      "momentum": 0.9
    },
    "_score_": "train.14"
  },
  "last": {
    "_epoch_": {},
    "train": {
      "loss": 2.353360650886316e-05,
      "loss/mean": 2.353360650886316e-05,
      "loss/std": 1.292560652535296e-05,
      "lr": 0.001,
      "momentum": 0.9
    },
    "valid": {
      "loss": 3.475599078228697e-05,
      "loss/mean": 3.475599078228697e-05,
      "loss/std": 3.740772790678723e-05,
      "lr": 0.001,
      "momentum": 0.9
    },
    "_score_": 3.475599078228697e-05
  },
  "train.14": {
    "_epoch_": {},
    "train": {
      "loss": 2.7548132493393496e-05,
      "loss/mean": 2.7548132493393496e-05,
      "loss/std": 1.81125491080335e-05,
      "lr": 0.001,
      "momentum": 0.9
    },
    "valid": {
      "loss": 1.0734866009443067e-05,
      "loss/mean": 1.0734866009443067e-05,
      "loss/std": 3.03906970147667e-05,
      "lr": 0.001,
      "momentum": 0.9
    },
    "_score_": 1.0734866009443067e-05
  }
}