{
  "best": {
    "_epoch_": {},
    "train": {
      "loss": 0.0009385845623910427,
      "loss/mean": 0.0009385845623910427,
      "loss/std": 0.001310692264513892,
      "lr": 0.001,
      "momentum": 0.9
    },
    "valid": {
      "loss": 0.0008593424572609365,
      "loss/mean": 0.0008593424572609365,
      "loss/std": 0.00027968920826989814,
      "lr": 0.001,
      "momentum": 0.9
    },
    "_score_": "train.1"
  },
  "last": {
    "_epoch_": {},
    "train": {
      "loss": 0.0008137767435982823,
      "loss/mean": 0.0008137767435982823,
      "loss/std": 0.0001421717857727452,
      "lr": 0.001,
      "momentum": 0.9
    },
    "valid": {
      "loss": 0.0008684400236234069,
      "loss/mean": 0.0008684400236234069,
      "loss/std": 0.00032721392481200104,
      "lr": 0.001,
      "momentum": 0.9
    },
    "_score_": 0.0008684400236234069
  },
  "train.1": {
    "_epoch_": {},
    "train": {
      "loss": 0.0009385845623910427,
      "loss/mean": 0.0009385845623910427,
      "loss/std": 0.001310692264513892,
      "lr": 0.001,
      "momentum": 0.9
    },
    "valid": {
      "loss": 0.0008593424572609365,
      "loss/mean": 0.0008593424572609365,
      "loss/std": 0.00027968920826989814,
      "lr": 0.001,
      "momentum": 0.9
    },
    "_score_": 0.0008593424572609365
  }
}