step,loss,loss/mean,loss/std,lr,momentum
1,11.639544486999512,11.639544486999512,0.4968659728576644,0.002,0.9
2,11.63941478729248,11.63941478729248,0.5106054929749123,0.002,0.9
3,11.639413833618164,11.639413833618164,0.4986357912255647,0.002,0.9
4,11.639413833618164,11.639413833618164,0.5215898842115334,0.002,0.9
5,11.639413833618164,11.639413833618164,0.5051138735164601,0.002,0.9
6,11.639413833618164,11.639413833618164,0.533468604891167,0.002,0.9
7,11.639413833618164,11.639413833618164,0.5181204229632276,0.002,0.9
8,11.639413833618164,11.639413833618164,0.5073998913565615,0.002,0.9
9,11.639413833618164,11.639413833618164,0.49755142734620633,0.002,0.9
10,11.639413833618164,11.639413833618164,0.49821727858681497,0.002,0.9
11,11.639413833618164,11.639413833618164,0.5111260314880037,0.002,0.9
12,11.639413833618164,11.639413833618164,0.5338640429491437,0.002,0.9
13,11.639413833618164,11.639413833618164,0.5173602067680382,0.002,0.9
14,11.639413833618164,11.639413833618164,0.4998833673678677,0.002,0.9
15,11.639413833618164,11.639413833618164,0.5113981429308415,0.002,0.9
16,11.639413833618164,11.639413833618164,0.5237862545751696,0.002,0.9
17,11.639413833618164,11.639413833618164,0.5250857256070558,0.002,0.9
18,11.639413833618164,11.639413833618164,0.4879939680856538,0.002,0.9
19,11.639413833618164,11.639413833618164,0.4995151716916,0.002,0.9
20,11.639413833618164,11.639413833618164,0.5108139520674522,0.002,0.9
21,11.639413833618164,11.639413833618164,0.49049518103689244,0.002,0.9
22,11.639413833618164,11.639413833618164,0.5039021836647961,0.002,0.9
23,11.639413833618164,11.639413833618164,0.5144733767587699,0.002,0.9
24,11.639413833618164,11.639413833618164,0.5245315151658487,0.002,0.9
25,11.639413833618164,11.639413833618164,0.48712014775323137,0.002,0.9
26,11.639413833618164,11.639413833618164,0.48828842779671,0.002,0.9
27,11.639413833618164,11.639413833618164,0.4740539072483146,0.002,0.9
28,11.639413833618164,11.639413833618164,0.533775733277883,0.002,0.9
29,11.639413833618164,11.639413833618164,0.4784399066967455,0.002,0.9
30,11.639413833618164,11.639413833618164,0.4666796079707354,0.002,0.9
