{
  "best": {
    "_epoch_": {},
    "train": {
      "loss": 11.639413833618164,
      "loss/mean": 11.639413833618164,
      "loss/std": 0.533468604891167,
      "lr": 0.002,
      "momentum": 0.9
    },
    "valid": {
      "loss": 11.807327270507812,
      "loss/mean": 11.807327270507812,
      "loss/std": 2.5264195046895104,
      "lr": 0.002,
      "momentum": 0.9
    },
    "_score_": "train.6"
  },
  "last": {
    "_epoch_": {},
    "train": {
      "loss": 11.639413833618164,
      "loss/mean": 11.639413833618164,
      "loss/std": 0.4666796079707354,
      "lr": 0.002,
      "momentum": 0.9
    },
    "valid": {
      "loss": 11.807327270507812,
      "loss/mean": 11.807327270507812,
      "loss/std": 2.526419591505269,
      "lr": 0.002,
      "momentum": 0.9
    },
    "_score_": 11.807327270507812
  },
  "train.6": {
    "_epoch_": {},
    "train": {
      "loss": 11.639413833618164,
      "loss/mean": 11.639413833618164,
      "loss/std": 0.533468604891167,
      "lr": 0.002,
      "momentum": 0.9
    },
    "valid": {
      "loss": 11.807327270507812,
      "loss/mean": 11.807327270507812,
      "loss/std": 2.5264195046895104,
      "lr": 0.002,
      "momentum": 0.9
    },
    "_score_": 11.807327270507812
  }
}