{
  "best": {
    "_epoch_": {},
    "train": {
      "loss": 0.0007897904724813998,
      "loss/mean": 0.0007897904724813998,
      "loss/std": 0.0036719590282569066,
      "lr": 0.001,
      "momentum": 0.9
    },
    "valid": {
      "loss": 0.00013011049304623157,
      "loss/mean": 0.00013011049304623157,
      "loss/std": 0.00012158664026783423,
      "lr": 0.001,
      "momentum": 0.9
    },
    "_score_": "train.1"
  },
  "last": {
    "_epoch_": {},
    "train": {
      "loss": 0.00019436284492257982,
      "loss/mean": 0.00019436284492257982,
      "loss/std": 0.00013517823200930693,
      "lr": 0.001,
      "momentum": 0.9
    },
    "valid": {
      "loss": 0.00033084204187616706,
      "loss/mean": 0.00033084204187616706,
      "loss/std": 5.8594897038904124e-05,
      "lr": 0.001,
      "momentum": 0.9
    },
    "_score_": 0.00033084204187616706
  },
  "train.1": {
    "_epoch_": {},
    "train": {
      "loss": 0.0007897904724813998,
      "loss/mean": 0.0007897904724813998,
      "loss/std": 0.0036719590282569066,
      "lr": 0.001,
      "momentum": 0.9
    },
    "valid": {
      "loss": 0.00013011049304623157,
      "loss/mean": 0.00013011049304623157,
      "loss/std": 0.00012158664026783423,
      "lr": 0.001,
      "momentum": 0.9
    },
    "_score_": 0.00013011049304623157
  }
}