{
  "best": {
    "_epoch_": {},
    "train": {
      "loss": 0.0041142357513308525,
      "loss/mean": 0.0041142357513308525,
      "loss/std": 0.0005348643869112764,
      "lr": 0.001,
      "momentum": 0.9
    },
    "valid": {
      "loss": 0.004930447321385145,
      "loss/mean": 0.004930447321385145,
      "loss/std": 0.001669325399884118,
      "lr": 0.001,
      "momentum": 0.9
    },
    "_score_": "train.16"
  },
  "last": {
    "_epoch_": {},
    "train": {
      "loss": 0.00397798977792263,
      "loss/mean": 0.00397798977792263,
      "loss/std": 0.0004896465638408486,
      "lr": 0.001,
      "momentum": 0.9
    },
    "valid": {
      "loss": 0.0049346378073096275,
      "loss/mean": 0.0049346378073096275,
      "loss/std": 0.001549332468891379,
      "lr": 0.001,
      "momentum": 0.9
    },
    "_score_": 0.0049346378073096275
  },
  "train.16": {
    "_epoch_": {},
    "train": {
      "loss": 0.0041142357513308525,
      "loss/mean": 0.0041142357513308525,
      "loss/std": 0.0005348643869112764,
      "lr": 0.001,
      "momentum": 0.9
    },
    "valid": {
      "loss": 0.004930447321385145,
      "loss/mean": 0.004930447321385145,
      "loss/std": 0.001669325399884118,
      "lr": 0.001,
      "momentum": 0.9
    },
    "_score_": 0.004930447321385145
  }
}