{
  "best": {
    "_epoch_": {},
    "train": {
      "loss": 0.03950776532292366,
      "loss/mean": 0.03950776532292366,
      "loss/std": 0.005525887867541159,
      "lr": 0.0005,
      "momentum": 0.9
    },
    "valid": {
      "loss": 0.12256627529859543,
      "loss/mean": 0.12256627529859543,
      "loss/std": 0.008638922177348005,
      "lr": 0.0005,
      "momentum": 0.9
    },
    "_score_": "train.1"
  },
  "last": {
    "_epoch_": {},
    "train": {
      "loss": 0.03950776532292366,
      "loss/mean": 0.03950776532292366,
      "loss/std": 0.005525887867541159,
      "lr": 0.0005,
      "momentum": 0.9
    },
    "valid": {
      "loss": 0.12256627529859543,
      "loss/mean": 0.12256627529859543,
      "loss/std": 0.008638922177348005,
      "lr": 0.0005,
      "momentum": 0.9
    },
    "_score_": 0.12256627529859543
  },
  "train.1": {
    "_epoch_": {},
    "train": {
      "loss": 0.03950776532292366,
      "loss/mean": 0.03950776532292366,
      "loss/std": 0.005525887867541159,
      "lr": 0.0005,
      "momentum": 0.9
    },
    "valid": {
      "loss": 0.12256627529859543,
      "loss/mean": 0.12256627529859543,
      "loss/std": 0.008638922177348005,
      "lr": 0.0005,
      "momentum": 0.9
    },
    "_score_": 0.12256627529859543
  }
}