{
  "best": {
    "_epoch_": {},
    "train": {
      "loss": 0.011289880611002445,
      "loss/mean": 0.011289880611002445,
      "loss/std": 0.004532847889465427,
      "lr": 0.0005,
      "momentum": 0.9
    },
    "valid": {
      "loss": 0.09676099568605423,
      "loss/mean": 0.09676099568605423,
      "loss/std": 0.003583439742539223,
      "lr": 0.0005,
      "momentum": 0.9
    },
    "_score_": "train.1"
  },
  "last": {
    "_epoch_": {},
    "train": {
      "loss": 0.011289880611002445,
      "loss/mean": 0.011289880611002445,
      "loss/std": 0.004532847889465427,
      "lr": 0.0005,
      "momentum": 0.9
    },
    "valid": {
      "loss": 0.09676099568605423,
      "loss/mean": 0.09676099568605423,
      "loss/std": 0.003583439742539223,
      "lr": 0.0005,
      "momentum": 0.9
    },
    "_score_": 0.09676099568605423
  },
  "train.1": {
    "_epoch_": {},
    "train": {
      "loss": 0.011289880611002445,
      "loss/mean": 0.011289880611002445,
      "loss/std": 0.004532847889465427,
      "lr": 0.0005,
      "momentum": 0.9
    },
    "valid": {
      "loss": 0.09676099568605423,
      "loss/mean": 0.09676099568605423,
      "loss/std": 0.003583439742539223,
      "lr": 0.0005,
      "momentum": 0.9
    },
    "_score_": 0.09676099568605423
  }
}