{
  "best": {
    "_epoch_": {},
    "train": {
      "loss": 0.12997767329216003,
      "loss/mean": 0.12997767329216003,
      "loss/std": 0.04400259850242562,
      "lr": 0.0005,
      "momentum": 0.9
    },
    "valid": {
      "loss": 0.21705713868141174,
      "loss/mean": 0.21705713868141174,
      "loss/std": 0.07321186150693179,
      "lr": 0.0005,
      "momentum": 0.9
    },
    "_score_": "train.1"
  },
  "last": {
    "_epoch_": {},
    "train": {
      "loss": 0.12997767329216003,
      "loss/mean": 0.12997767329216003,
      "loss/std": 0.04400259850242562,
      "lr": 0.0005,
      "momentum": 0.9
    },
    "valid": {
      "loss": 0.21705713868141174,
      "loss/mean": 0.21705713868141174,
      "loss/std": 0.07321186150693179,
      "lr": 0.0005,
      "momentum": 0.9
    },
    "_score_": 0.21705713868141174
  },
  "train.1": {
    "_epoch_": {},
    "train": {
      "loss": 0.12997767329216003,
      "loss/mean": 0.12997767329216003,
      "loss/std": 0.04400259850242562,
      "lr": 0.0005,
      "momentum": 0.9
    },
    "valid": {
      "loss": 0.21705713868141174,
      "loss/mean": 0.21705713868141174,
      "loss/std": 0.07321186150693179,
      "lr": 0.0005,
      "momentum": 0.9
    },
    "_score_": 0.21705713868141174
  }
}