{
  "best": {
    "_epoch_": {},
    "train": {
      "loss": 0.5374081134796143,
      "loss/mean": 0.5374081134796143,
      "loss/std": 0.08133625092472359,
      "lr": 0.0005,
      "momentum": 0.9
    },
    "valid": {
      "loss": 5.4089674949646,
      "loss/mean": 5.4089674949646,
      "loss/std": 7.982993895877132,
      "lr": 0.0005,
      "momentum": 0.9
    },
    "_score_": "train.1"
  },
  "last": {
    "_epoch_": {},
    "train": {
      "loss": 0.5374081134796143,
      "loss/mean": 0.5374081134796143,
      "loss/std": 0.08133625092472359,
      "lr": 0.0005,
      "momentum": 0.9
    },
    "valid": {
      "loss": 5.4089674949646,
      "loss/mean": 5.4089674949646,
      "loss/std": 7.982993895877132,
      "lr": 0.0005,
      "momentum": 0.9
    },
    "_score_": 5.4089674949646
  },
  "train.1": {
    "_epoch_": {},
    "train": {
      "loss": 0.5374081134796143,
      "loss/mean": 0.5374081134796143,
      "loss/std": 0.08133625092472359,
      "lr": 0.0005,
      "momentum": 0.9
    },
    "valid": {
      "loss": 5.4089674949646,
      "loss/mean": 5.4089674949646,
      "loss/std": 7.982993895877132,
      "lr": 0.0005,
      "momentum": 0.9
    },
    "_score_": 5.4089674949646
  }
}