{
  "best": {
    "_epoch_": {},
    "train": {
      "loss": 0.08497553318738937,
      "loss/mean": 0.08497553318738937,
      "loss/std": 0.025294284335557533,
      "lr": 0.001,
      "momentum": 0.9
    },
    "valid": {
      "loss": 0.08300986140966415,
      "loss/mean": 0.08300986140966415,
      "loss/std": 0.06739488442186718,
      "lr": 0.001,
      "momentum": 0.9
    },
    "_score_": "train.19"
  },
  "last": {
    "_epoch_": {},
    "train": {
      "loss": 0.08241483569145203,
      "loss/mean": 0.08241483569145203,
      "loss/std": 0.023948308237165365,
      "lr": 0.001,
      "momentum": 0.9
    },
    "valid": {
      "loss": 0.09679213166236877,
      "loss/mean": 0.09679213166236877,
      "loss/std": 0.06245682100610267,
      "lr": 0.001,
      "momentum": 0.9
    },
    "_score_": 0.09679213166236877
  },
  "train.19": {
    "_epoch_": {},
    "train": {
      "loss": 0.08497553318738937,
      "loss/mean": 0.08497553318738937,
      "loss/std": 0.025294284335557533,
      "lr": 0.001,
      "momentum": 0.9
    },
    "valid": {
      "loss": 0.08300986140966415,
      "loss/mean": 0.08300986140966415,
      "loss/std": 0.06739488442186718,
      "lr": 0.001,
      "momentum": 0.9
    },
    "_score_": 0.08300986140966415
  }
}