{
  "best": {
    "_epoch_": {},
    "train": {
      "loss": 0.004205345641821623,
      "loss/mean": 0.004205345641821623,
      "loss/std": 0.0005042987797273852,
      "lr": 0.001,
      "momentum": 0.9
    },
    "valid": {
      "loss": 0.005079036112874746,
      "loss/mean": 0.005079036112874746,
      "loss/std": 0.0018619346880292904,
      "lr": 0.001,
      "momentum": 0.9
    },
    "_score_": "train.1"
  },
  "last": {
    "_epoch_": {},
    "train": {
      "loss": 0.004200258757919073,
      "loss/mean": 0.004200258757919073,
      "loss/std": 0.0004931751038974669,
      "lr": 0.001,
      "momentum": 0.9
    },
    "valid": {
      "loss": 0.0051621790044009686,
      "loss/mean": 0.0051621790044009686,
      "loss/std": 0.0018610450777614494,
      "lr": 0.001,
      "momentum": 0.9
    },
    "_score_": 0.0051621790044009686
  },
  "train.1": {
    "_epoch_": {},
    "train": {
      "loss": 0.004205345641821623,
      "loss/mean": 0.004205345641821623,
      "loss/std": 0.0005042987797273852,
      "lr": 0.001,
      "momentum": 0.9
    },
    "valid": {
      "loss": 0.005079036112874746,
      "loss/mean": 0.005079036112874746,
      "loss/std": 0.0018619346880292904,
      "lr": 0.001,
      "momentum": 0.9
    },
    "_score_": 0.005079036112874746
  }
}