{
  "best": {
    "_epoch_": {},
    "train": {
      "loss": 0.0836644396185875,
      "loss/mean": 0.0836644396185875,
      "loss/std": 0.02419136635173569,
      "lr": 0.001,
      "momentum": 0.9
    },
    "valid": {
      "loss": 0.08839380741119385,
      "loss/mean": 0.08839380741119385,
      "loss/std": 0.0760933845756538,
      "lr": 0.001,
      "momentum": 0.9
    },
    "_score_": "train.2"
  },
  "last": {
    "_epoch_": {},
    "train": {
      "loss": 0.0836644396185875,
      "loss/mean": 0.0836644396185875,
      "loss/std": 0.02419136635173569,
      "lr": 0.001,
      "momentum": 0.9
    },
    "valid": {
      "loss": 0.08839380741119385,
      "loss/mean": 0.08839380741119385,
      "loss/std": 0.0760933845756538,
      "lr": 0.001,
      "momentum": 0.9
    },
    "_score_": 0.08839380741119385
  },
  "train.2": {
    "_epoch_": {},
    "train": {
      "loss": 0.0836644396185875,
      "loss/mean": 0.0836644396185875,
      "loss/std": 0.02419136635173569,
      "lr": 0.001,
      "momentum": 0.9
    },
    "valid": {
      "loss": 0.08839380741119385,
      "loss/mean": 0.08839380741119385,
      "loss/std": 0.0760933845756538,
      "lr": 0.001,
      "momentum": 0.9
    },
    "_score_": 0.08839380741119385
  }
}