{
  "best": {
    "_epoch_": {},
    "train": {
      "loss": 0.043656401336193085,
      "loss/mean": 0.043656401336193085,
      "loss/std": 0.004883875704482154,
      "lr": 0.0005,
      "momentum": 0.9
    },
    "valid": {
      "loss": 0.16162005066871643,
      "loss/mean": 0.16162005066871643,
      "loss/std": 0.013038946527614543,
      "lr": 0.0005,
      "momentum": 0.9
    },
    "_score_": "train.1"
  },
  "last": {
    "_epoch_": {},
    "train": {
      "loss": 0.043656401336193085,
      "loss/mean": 0.043656401336193085,
      "loss/std": 0.004883875704482154,
      "lr": 0.0005,
      "momentum": 0.9
    },
    "valid": {
      "loss": 0.16162005066871643,
      "loss/mean": 0.16162005066871643,
      "loss/std": 0.013038946527614543,
      "lr": 0.0005,
      "momentum": 0.9
    },
    "_score_": 0.16162005066871643
  },
  "train.1": {
    "_epoch_": {},
    "train": {
      "loss": 0.043656401336193085,
      "loss/mean": 0.043656401336193085,
      "loss/std": 0.004883875704482154,
      "lr": 0.0005,
      "momentum": 0.9
    },
    "valid": {
      "loss": 0.16162005066871643,
      "loss/mean": 0.16162005066871643,
      "loss/std": 0.013038946527614543,
      "lr": 0.0005,
      "momentum": 0.9
    },
    "_score_": 0.16162005066871643
  }
}