{
  "best": {
    "_epoch_": {},
    "train": {
      "loss": 0.0019812295213341713,
      "loss/mean": 0.0019812295213341713,
      "loss/std": 0.0003068515906562137,
      "lr": 0.001,
      "momentum": 0.9
    },
    "valid": {
      "loss": 0.0021752631291747093,
      "loss/mean": 0.0021752631291747093,
      "loss/std": 0.00045057188793232,
      "lr": 0.001,
      "momentum": 0.9
    },
    "_score_": "train.2"
  },
  "last": {
    "_epoch_": {},
    "train": {
      "loss": 0.0019812295213341713,
      "loss/mean": 0.0019812295213341713,
      "loss/std": 0.0003068515906562137,
      "lr": 0.001,
      "momentum": 0.9
    },
    "valid": {
      "loss": 0.0021752631291747093,
      "loss/mean": 0.0021752631291747093,
      "loss/std": 0.00045057188793232,
      "lr": 0.001,
      "momentum": 0.9
    },
    "_score_": 0.0021752631291747093
  },
  "train.2": {
    "_epoch_": {},
    "train": {
      "loss": 0.0019812295213341713,
      "loss/mean": 0.0019812295213341713,
      "loss/std": 0.0003068515906562137,
      "lr": 0.001,
      "momentum": 0.9
    },
    "valid": {
      "loss": 0.0021752631291747093,
      "loss/mean": 0.0021752631291747093,
      "loss/std": 0.00045057188793232,
      "lr": 0.001,
      "momentum": 0.9
    },
    "_score_": 0.0021752631291747093
  }
}