{
  "best": {
    "_epoch_": {},
    "train": {
      "loss": 0.014198497869074345,
      "loss/mean": 0.014198497869074345,
      "loss/std": 0.001471966240428625,
      "lr": 0.001,
      "momentum": 0.9
    },
    "valid": {
      "loss": 0.014382912777364254,
      "loss/mean": 0.014382912777364254,
      "loss/std": 0.0035043576358058477,
      "lr": 0.001,
      "momentum": 0.9
    },
    "_score_": "train.2"
  },
  "last": {
    "_epoch_": {},
    "train": {
      "loss": 0.014198497869074345,
      "loss/mean": 0.014198497869074345,
      "loss/std": 0.001471966240428625,
      "lr": 0.001,
      "momentum": 0.9
    },
    "valid": {
      "loss": 0.014382912777364254,
      "loss/mean": 0.014382912777364254,
      "loss/std": 0.0035043576358058477,
      "lr": 0.001,
      "momentum": 0.9
    },
    "_score_": 0.014382912777364254
  },
  "train.2": {
    "_epoch_": {},
    "train": {
      "loss": 0.014198497869074345,
      "loss/mean": 0.014198497869074345,
      "loss/std": 0.001471966240428625,
      "lr": 0.001,
      "momentum": 0.9
    },
    "valid": {
      "loss": 0.014382912777364254,
      "loss/mean": 0.014382912777364254,
      "loss/std": 0.0035043576358058477,
      "lr": 0.001,
      "momentum": 0.9
    },
    "_score_": 0.014382912777364254
  }
}